split,method,dataset,backbone,horizon,seed,n,coverage,mean_strength,lrbn_mse,method_mse,method_mae,delta_mse_vs_lrbn,delta_pct_vs_lrbn,harm_rate_vs_lrbn,win_rate_vs_lrbn
val,LRBN,ETTh1,DLinear,96,2026,96,0.0,0.0,9.535620690105475,9.535620690105475,2.511128074739583,0.0,0.0,0.0,0.0
val,LRBN,ETTh1,DLinear,192,2026,96,0.0,0.0,10.618143575280191,10.618143575280191,2.6343761562879773,0.0,0.0,0.0,0.0
val,LRBN,ETTh1,PatchTST,96,2026,96,0.0,0.0,10.528241004299185,10.528241004299185,2.6130248384114583,0.0,0.0,0.0,0.0
val,LRBN,ETTh1,PatchTST,192,2026,96,0.0,0.0,11.609037853274186,11.609037853274186,2.727519098388672,0.0,0.0,0.0,0.0
val,LRBN,ETTm1,DLinear,96,2026,96,0.0,0.0,5.436033967295309,5.436033967295309,1.7259651724934895,0.0,0.0,0.0,0.0
val,LRBN,ETTm1,DLinear,192,2026,96,0.0,0.0,8.33279445849474,8.33279445849474,2.2139451141493054,0.0,0.0,0.0,0.0
val,LRBN,ETTm1,PatchTST,96,2026,96,0.0,0.0,5.742462045489039,5.742462045489039,1.7778711557291669,0.0,0.0,0.0,0.0
val,LRBN,ETTm1,PatchTST,192,2026,96,0.0,0.0,8.575089807437628,8.575089807437628,2.239150164908854,0.0,0.0,0.0,0.0
test,LRBN,ETTh1,DLinear,96,2026,96,0.0,0.0,5.294718415187439,5.294718415187439,1.7666085156934137,0.0,0.0,0.0,0.0
test,LRBN,ETTh1,DLinear,192,2026,96,0.0,0.0,6.7713172839613245,6.7713172839613245,2.0194551565052357,0.0,0.0,0.0,0.0
test,LRBN,ETTh1,PatchTST,96,2026,96,0.0,0.0,5.8042865388731295,5.8042865388731295,1.8533736928487337,0.0,0.0,0.0,0.0
test,LRBN,ETTh1,PatchTST,192,2026,96,0.0,0.0,7.242316015180876,7.242316015180876,2.0944762102183376,0.0,0.0,0.0,0.0
test,LRBN,ETTm1,DLinear,96,2026,96,0.0,0.0,2.8177423433450954,2.8177423433450954,1.2739993115635848,0.0,0.0,0.0,0.0
test,LRBN,ETTm1,DLinear,192,2026,96,0.0,0.0,3.994698335172625,3.994698335172625,1.5380548779931642,0.0,0.0,0.0,0.0
test,LRBN,ETTm1,PatchTST,96,2026,96,0.0,0.0,3.013168467192729,3.013168467192729,1.3271271209399849,0.0,0.0,0.0,0.0
test,LRBN,ETTm1,PatchTST,192,2026,96,0.0,0.0,4.215013369115137,4.215013369115137,1.5842038217125196,0.0,0.0,0.0,0.0
val,LRBN-BP-always,ETTh1,DLinear,96,2026,96,1.0,1.0,9.535620690105475,9.038120074699393,2.3989237255497304,-0.4975006154060824,-5.217286121716012,0.3958333333333333,0.6041666666666666
val,LRBN-BP-always,ETTh1,DLinear,192,2026,96,1.0,1.0,10.618143575280191,10.410931508211743,2.5760084422531437,-0.20721206706845008,-1.9514905350847243,0.4583333333333333,0.5416666666666666
val,LRBN-BP-always,ETTh1,PatchTST,96,2026,96,1.0,1.0,10.528241004299185,10.321501137053382,2.5605469297960073,-0.20673986724580296,-1.9636695908178223,0.46875,0.53125
val,LRBN-BP-always,ETTh1,PatchTST,192,2026,96,1.0,1.0,11.609037853274186,11.406722352737567,2.6844304653515736,-0.20231550053661862,-1.7427413272262187,0.4479166666666667,0.5520833333333334
val,LRBN-BP-always,ETTm1,DLinear,96,2026,96,1.0,1.0,5.436033967295309,5.149683238938606,1.6593776319218294,-0.2863507283567027,-5.267640517934658,0.4479166666666667,0.5520833333333334
val,LRBN-BP-always,ETTm1,DLinear,192,2026,96,1.0,1.0,8.33279445849474,7.743102054473117,2.1167088765123654,-0.589692404021624,-7.076766458733348,0.5208333333333334,0.4791666666666667
val,LRBN-BP-always,ETTm1,PatchTST,96,2026,96,1.0,1.0,5.742462045489039,5.534217732562349,1.7314133017698052,-0.2082443129266911,-3.6263942349890734,0.4583333333333333,0.5416666666666666
val,LRBN-BP-always,ETTm1,PatchTST,192,2026,96,1.0,1.0,8.575089807437628,7.7495830567357915,2.113886002357583,-0.8255067507018375,-9.62680004847472,0.4270833333333333,0.5729166666666666
test,LRBN-BP-always,ETTh1,DLinear,96,2026,96,1.0,1.0,5.294718415187439,4.921392650974,1.6931823892891398,-0.37332576421343827,-7.050908740255108,0.4583333333333333,0.5416666666666666
test,LRBN-BP-always,ETTh1,DLinear,192,2026,96,1.0,1.0,6.7713172839613245,6.500329410455099,1.95986854597934,-0.27098787350622544,-4.00199638773231,0.4166666666666667,0.5833333333333334
test,LRBN-BP-always,ETTh1,PatchTST,96,2026,96,1.0,1.0,5.8042865388731295,5.510256861762879,1.7977944410953073,-0.29402967711025224,-5.065733309933413,0.40625,0.59375
test,LRBN-BP-always,ETTh1,PatchTST,192,2026,96,1.0,1.0,7.242316015180876,7.012152562947811,2.0495606399191604,-0.23016345223306475,-3.1780365760456597,0.4270833333333333,0.5729166666666666
test,LRBN-BP-always,ETTm1,DLinear,96,2026,96,1.0,1.0,2.8177423433450954,2.4981920719432864,1.1762918627372305,-0.3195502714018093,-11.340649049138701,0.3541666666666667,0.6458333333333334
test,LRBN-BP-always,ETTm1,DLinear,192,2026,96,1.0,1.0,3.994698335172625,3.863337753375576,1.4956187525826243,-0.1313605817970487,-3.2883729995730664,0.4270833333333333,0.5729166666666666
test,LRBN-BP-always,ETTm1,PatchTST,96,2026,96,1.0,1.0,3.013168467192729,2.7348446154754416,1.2541480688620767,-0.2783238517172865,-9.236916349815013,0.4166666666666667,0.5833333333333334
test,LRBN-BP-always,ETTm1,PatchTST,192,2026,96,1.0,1.0,4.215013369115137,4.111339745050376,1.548350905800363,-0.1036736240647597,-2.4596274018595117,0.4791666666666667,0.5208333333333334
val,LRBN-BP-gap-strength,ETTh1,DLinear,96,2026,96,0.8645833333333334,0.13209671711246082,9.535620690105475,9.40722712347371,2.486840552877118,-0.1283935666317638,-1.346462602380403,0.3645833333333333,0.625
val,LRBN-BP-gap-strength,ETTh1,DLinear,192,2026,96,0.78125,0.1364101372047544,10.618143575280191,10.460353107871708,2.6065089481774897,-0.15779046740848524,-1.4860457116743728,0.3854166666666667,0.6145833333333334
val,LRBN-BP-gap-strength,ETTh1,PatchTST,96,2026,96,0.78125,0.16242163627087478,10.528241004299185,10.433703023010201,2.598303285088184,-0.09453798128898298,-0.897946591083774,0.4479166666666667,0.5520833333333334
val,LRBN-BP-gap-strength,ETTh1,PatchTST,192,2026,96,0.8125,0.18925086298052293,11.609037853274186,11.422070576335747,2.6967352842712065,-0.18696727693843865,-1.6105320625227726,0.3854166666666667,0.6145833333333334
val,LRBN-BP-gap-strength,ETTm1,DLinear,96,2026,96,0.8229166666666666,0.22721761918736785,5.436033967295309,5.301231706147405,1.694178909312041,-0.13480226114790406,-2.4797906288101332,0.3958333333333333,0.59375
val,LRBN-BP-gap-strength,ETTm1,DLinear,192,2026,96,0.8645833333333334,0.20489053223643103,8.33279445849474,8.097736948931033,2.1746660052219826,-0.23505750956370783,-2.820872523046514,0.4895833333333333,0.5104166666666666
val,LRBN-BP-gap-strength,ETTm1,PatchTST,96,2026,96,0.8645833333333334,0.2469567871505242,5.742462045489039,5.6034726096734895,1.7436913626986597,-0.13898943581554984,-2.4203805697365266,0.40625,0.5729166666666666
val,LRBN-BP-gap-strength,ETTm1,PatchTST,192,2026,96,0.8854166666666666,0.32626790584877347,8.575089807437628,8.037633314695407,2.159771034692856,-0.5374564927422228,-6.267648551613905,0.375,0.625
test,LRBN-BP-gap-strength,ETTh1,DLinear,96,2026,96,0.875,0.12732851145311513,5.294718415187439,5.157268296542315,1.7447376528875502,-0.13745011864512333,-2.5959854256132133,0.3541666666666667,0.6458333333333334
test,LRBN-BP-gap-strength,ETTh1,DLinear,192,2026,96,0.8125,0.08029144581698498,6.7713172839613245,6.659851297261809,1.9986131816334616,-0.111465986699516,-1.6461492182462252,0.34375,0.65625
test,LRBN-BP-gap-strength,ETTh1,PatchTST,96,2026,96,0.8020833333333334,0.15432030775786068,5.8042865388731295,5.72220701274212,1.8418091694266832,-0.08207952613100998,-1.4141191245450229,0.3020833333333333,0.6875
test,LRBN-BP-gap-strength,ETTh1,PatchTST,192,2026,96,0.8645833333333334,0.10027666199874939,7.242316015180876,7.174822540418941,2.082206020616808,-0.06749347476193492,-0.9319321958233494,0.3645833333333333,0.6354166666666666
test,LRBN-BP-gap-strength,ETTm1,DLinear,96,2026,96,0.8958333333333334,0.23959170120785686,2.8177423433450954,2.658485606619775,1.2320486540824063,-0.1592567367253206,-5.651926853292958,0.34375,0.65625
test,LRBN-BP-gap-strength,ETTm1,DLinear,192,2026,96,0.8854166666666666,0.22868092033106505,3.994698335172625,3.923537504698792,1.5161925669066985,-0.07116083047383304,-1.7813818297400776,0.40625,0.59375
test,LRBN-BP-gap-strength,ETTm1,PatchTST,96,2026,96,0.9375,0.26127717472928985,3.013168467192729,2.83888901879968,1.2849686160478024,-0.17427944839304813,-5.7839264452752825,0.375,0.625
test,LRBN-BP-gap-strength,ETTm1,PatchTST,192,2026,96,0.9166666666666666,0.35773297365300066,4.215013369115137,4.121428481398403,1.557017861687189,-0.09358488771673291,-2.2202749860874746,0.4166666666666667,0.5833333333333334
val,LRBN-BP-bounded,ETTh1,DLinear,96,2026,96,1.0,0.7871656096001924,9.535620690105475,9.286243118947844,2.46399216136249,-0.24937757115763048,-2.615221169135556,0.3645833333333333,0.6354166666666666
val,LRBN-BP-bounded,ETTh1,DLinear,192,2026,96,1.0,0.834986403639426,10.618143575280191,10.474104066585884,2.6093160624164526,-0.14403950869430845,-1.3565413533679056,0.4375,0.5625
val,LRBN-BP-bounded,ETTh1,PatchTST,96,2026,96,1.0,0.7940620721891843,10.528241004299185,10.365604622046876,2.583344568196931,-0.16263638225230784,-1.5447630998513464,0.4583333333333333,0.5416666666666666
val,LRBN-BP-bounded,ETTh1,PatchTST,192,2026,96,1.0,0.8040834063719814,11.609037853274186,11.451807036196287,2.7058779178378987,-0.1572308170778973,-1.3543828431752039,0.3958333333333333,0.6041666666666666
val,LRBN-BP-bounded,ETTm1,DLinear,96,2026,96,1.0,0.7818086892453233,5.436033967295309,5.348477818810525,1.7075946415733163,-0.08755614848478395,-1.6106622741962184,0.3958333333333333,0.6041666666666666
val,LRBN-BP-bounded,ETTm1,DLinear,192,2026,96,1.0,0.7342641911781701,8.33279445849474,8.20311537405345,2.1937316938462588,-0.12967908444128987,-1.556249646281223,0.4791666666666667,0.5208333333333334
val,LRBN-BP-bounded,ETTm1,PatchTST,96,2026,96,1.0,0.7596531370332801,5.742462045489039,5.6776230364927,1.7662792661545879,-0.06483900899634,-1.1291151490389266,0.4270833333333333,0.5729166666666666
val,LRBN-BP-bounded,ETTm1,PatchTST,192,2026,96,1.0,0.7041419590461704,8.575089807437628,8.442226818849973,2.2191784934552854,-0.13286298858765747,-1.5494063784320464,0.3541666666666667,0.6458333333333334
test,LRBN-BP-bounded,ETTh1,DLinear,96,2026,96,1.0,0.8013734331241785,5.294718415187439,5.151970533369,1.7381564946054964,-0.14274788181843862,-2.6960429309965663,0.3541666666666667,0.6458333333333334
test,LRBN-BP-bounded,ETTh1,DLinear,192,2026,96,1.0,0.8209867547096747,6.7713172839613245,6.658583761967694,1.99675829760558,-0.11273352199362963,-1.664868401517177,0.375,0.625
test,LRBN-BP-bounded,ETTh1,PatchTST,96,2026,96,1.0,0.8007047163996649,5.8042865388731295,5.667569591629907,1.8256104421267851,-0.13671694724322317,-2.3554479278726377,0.3020833333333333,0.6979166666666666
test,LRBN-BP-bounded,ETTh1,PatchTST,192,2026,96,1.0,0.8037212392638011,7.242316015180876,7.135529724527157,2.0751604524290617,-0.10678629065371963,-1.47447709106358,0.375,0.625
test,LRBN-BP-bounded,ETTm1,DLinear,96,2026,96,1.0,0.7452142591629926,2.8177423433450954,2.7443541948371535,1.2524061678086147,-0.073388148507942,-2.6045017359667,0.3333333333333333,0.6666666666666666
test,LRBN-BP-bounded,ETTm1,DLinear,192,2026,96,1.0,0.7395003417835601,3.994698335172625,3.954259045206173,1.5254465954051117,-0.040439289966451984,-1.0123239972630356,0.40625,0.59375
test,LRBN-BP-bounded,ETTm1,PatchTST,96,2026,96,1.0,0.7303415843602276,3.013168467192729,2.9514209703866974,1.3110879875893018,-0.06174749680603103,-2.0492547055835244,0.3645833333333333,0.6354166666666666
test,LRBN-BP-bounded,ETTm1,PatchTST,192,2026,96,1.0,0.7332825422641743,4.215013369115137,4.185710998776549,1.5748326483274242,-0.029302370338587524,-0.6951904466964995,0.4166666666666667,0.5833333333333334
val,LRBN-BP-robust-anchor,ETTh1,DLinear,96,2026,96,1.0,1.0,9.535620690105475,9.365975084643738,2.480884056397985,-0.16964560546173582,-1.7790724987609912,0.3854166666666667,0.6145833333333334
val,LRBN-BP-robust-anchor,ETTh1,DLinear,192,2026,96,1.0,1.0,10.618143575280191,10.505524337575586,2.6155749441246754,-0.1126192377046069,-1.0606302015045987,0.40625,0.59375
val,LRBN-BP-robust-anchor,ETTh1,PatchTST,96,2026,96,1.0,1.0,10.528241004299185,10.401121639343392,2.59212063369377,-0.12711936495579138,-1.2074131356144107,0.4583333333333333,0.5416666666666666
val,LRBN-BP-robust-anchor,ETTh1,PatchTST,192,2026,96,1.0,1.0,11.609037853274186,11.467711617396537,2.7079953820070535,-0.14132623587764911,-1.2173811261718972,0.3854166666666667,0.6145833333333334
val,LRBN-BP-robust-anchor,ETTm1,DLinear,96,2026,96,1.0,1.0,5.436033967295309,5.345239763964088,1.7070381429286916,-0.09079420333122139,-1.6702287680768975,0.375,0.625
val,LRBN-BP-robust-anchor,ETTm1,DLinear,192,2026,96,1.0,1.0,8.33279445849474,8.175868523405695,2.189677903667872,-0.15692593508904654,-1.8832329980340081,0.4479166666666667,0.5520833333333334
val,LRBN-BP-robust-anchor,ETTm1,PatchTST,96,2026,96,1.0,1.0,5.742462045489039,5.661441752520205,1.7606551327590463,-0.08102029296883391,-1.4108981859338363,0.40625,0.59375
val,LRBN-BP-robust-anchor,ETTm1,PatchTST,192,2026,96,1.0,1.0,8.575089807437628,8.344477712816975,2.2054937397977716,-0.23061209462065504,-2.689325704224097,0.3541666666666667,0.6458333333333334
test,LRBN-BP-robust-anchor,ETTh1,DLinear,96,2026,96,1.0,1.0,5.294718415187439,5.183068729390917,1.745462116172418,-0.11164968579652253,-2.1086992136426814,0.34375,0.65625
test,LRBN-BP-robust-anchor,ETTh1,DLinear,192,2026,96,1.0,1.0,6.7713172839613245,6.688443879167813,2.0028451896358757,-0.08287340479351131,-1.2238889597954372,0.3645833333333333,0.6354166666666666
test,LRBN-BP-robust-anchor,ETTh1,PatchTST,96,2026,96,1.0,1.0,5.8042865388731295,5.698785731552398,1.8326202706535224,-0.10550080732073186,-1.8176360941589575,0.3229166666666667,0.6770833333333334
test,LRBN-BP-robust-anchor,ETTh1,PatchTST,192,2026,96,1.0,1.0,7.242316015180876,7.163605365405629,2.0798766753045244,-0.07871064977524715,-1.0868160061170655,0.3854166666666667,0.6145833333333334
test,LRBN-BP-robust-anchor,ETTm1,DLinear,96,2026,96,1.0,1.0,2.8177423433450954,2.7287674529180976,1.2497344958981855,-0.0889748904269977,-3.1576659349770164,0.3229166666666667,0.6770833333333334
test,LRBN-BP-robust-anchor,ETTm1,DLinear,192,2026,96,1.0,1.0,3.994698335172625,3.9484126935933226,1.5243300024675293,-0.046285641579302206,-1.1586767655494172,0.40625,0.59375
test,LRBN-BP-robust-anchor,ETTm1,PatchTST,96,2026,96,1.0,1.0,3.013168467192729,2.9268706929613013,1.3056507992297408,-0.08629777423142697,-2.8640208765169453,0.3645833333333333,0.6354166666666666
test,LRBN-BP-robust-anchor,ETTm1,PatchTST,192,2026,96,1.0,1.0,4.215013369115137,4.1626743469822145,1.5695868198552148,-0.05233902213292141,-1.2417284934908006,0.40625,0.59375
val,LRBN-BP-short-bridge,ETTh1,DLinear,96,2026,96,1.0,1.0,9.535620690105475,9.43659127438471,2.490874995364041,-0.09902941572076374,-1.0385209189336664,0.11458333333333333,0.8854166666666666
val,LRBN-BP-short-bridge,ETTh1,DLinear,192,2026,96,1.0,1.0,10.618143575280191,10.571184683005391,2.6252141839287653,-0.04695889227480212,-0.44225143404444484,0.16666666666666666,0.8333333333333334
val,LRBN-BP-short-bridge,ETTh1,PatchTST,96,2026,96,1.0,1.0,10.528241004299185,10.444313047314873,2.596664530493164,-0.08392795698431055,-0.7971697918989757,0.17708333333333334,0.8229166666666666
val,LRBN-BP-short-bridge,ETTh1,PatchTST,192,2026,96,1.0,1.0,11.609037853274186,11.556742946029509,2.7187457820868595,-0.052294907244675205,-0.45046719513350186,0.23958333333333334,0.7604166666666666
val,LRBN-BP-short-bridge,ETTm1,DLinear,96,2026,96,1.0,1.0,5.436033967295309,5.391832712166881,1.7143507882975257,-0.044201255128429005,-0.8131158729515549,0.15625,0.84375
val,LRBN-BP-short-bridge,ETTm1,DLinear,192,2026,96,1.0,1.0,8.33279445849474,8.308494996397146,2.207240155634223,-0.02429946209759472,-0.2916124019315269,0.15625,0.84375
val,LRBN-BP-short-bridge,ETTm1,PatchTST,96,2026,96,1.0,1.0,5.742462045489039,5.702266813183566,1.7688562890489365,-0.04019523230547454,-0.6999651354605282,0.2708333333333333,0.7291666666666666
val,LRBN-BP-short-bridge,ETTm1,PatchTST,192,2026,96,1.0,1.0,8.575089807437628,8.537342563025584,2.230755105082194,-0.03774724441204516,-0.44019649024881446,0.125,0.875
test,LRBN-BP-short-bridge,ETTh1,DLinear,96,2026,96,1.0,1.0,5.294718415187439,5.243534237781428,1.7528273297363823,-0.05118417740601019,-0.9667025381845289,0.15625,0.84375
test,LRBN-BP-short-bridge,ETTh1,DLinear,192,2026,96,1.0,1.0,6.7713172839613245,6.751336949927766,2.013722444957384,-0.019980334033557763,-0.29507307317258613,0.17708333333333334,0.8229166666666666
test,LRBN-BP-short-bridge,ETTh1,PatchTST,96,2026,96,1.0,1.0,5.8042865388731295,5.753958082382257,1.8404494865374275,-0.050328456490874085,-0.8670911759282998,0.2604166666666667,0.7395833333333334
test,LRBN-BP-short-bridge,ETTh1,PatchTST,192,2026,96,1.0,1.0,7.242316015180876,7.2233252133831085,2.0890452353341007,-0.018990801797768877,-0.2622200098937696,0.21875,0.78125
test,LRBN-BP-short-bridge,ETTm1,DLinear,96,2026,96,1.0,1.0,2.8177423433450954,2.7854031911741095,1.2629726644647894,-0.03233915217098639,-1.1476972737622502,0.13541666666666666,0.8645833333333334
test,LRBN-BP-short-bridge,ETTm1,DLinear,192,2026,96,1.0,1.0,3.994698335172625,3.9818088635521907,1.5328229457474771,-0.012889471620434328,-0.32266445440142966,0.13541666666666666,0.8645833333333334
test,LRBN-BP-short-bridge,ETTm1,PatchTST,96,2026,96,1.0,1.0,3.013168467192729,2.9809173626578613,1.3167933321777776,-0.03225110453486687,-1.070338574792033,0.17708333333333334,0.8229166666666666
test,LRBN-BP-short-bridge,ETTm1,PatchTST,192,2026,96,1.0,1.0,4.215013369115137,4.196121361992184,1.5777166865661707,-0.01889200712295055,-0.4482075244780875,0.125,0.875
val,LRBN-BP-conflict-filter,ETTh1,DLinear,96,2026,96,1.0,0.8969749701819839,9.535620690105475,9.39175502788891,2.4856001023909884,-0.14386566221656436,-1.5087183807025046,0.375,0.625
val,LRBN-BP-conflict-filter,ETTh1,DLinear,192,2026,96,1.0,0.9215530978430294,10.618143575280191,10.516705961424993,2.6175017202516266,-0.10143761385519878,-0.9553234333336782,0.40625,0.59375
val,LRBN-BP-conflict-filter,ETTh1,PatchTST,96,2026,96,1.0,0.9908953960144725,10.528241004299185,10.407211709969356,2.593226315092244,-0.1210292943298279,-1.1495680443243013,0.4479166666666667,0.5520833333333334
val,LRBN-BP-conflict-filter,ETTh1,PatchTST,192,2026,96,1.0,0.9929674456877448,11.609037853274186,11.472562734693994,2.7086468369206074,-0.13647511858019132,-1.1755937071403493,0.3854166666666667,0.6145833333333334
val,LRBN-BP-conflict-filter,ETTm1,DLinear,96,2026,96,1.0,0.9801882121769597,5.436033967295309,5.351244943116348,1.7081922638861766,-0.08478902417896035,-1.559758907562007,0.3958333333333333,0.6041666666666666
val,LRBN-BP-conflict-filter,ETTm1,DLinear,192,2026,96,1.0,0.9493486299162965,8.33279445849474,8.187573074625334,2.191539172599013,-0.1452213838694076,-1.742769300484618,0.4791666666666667,0.5208333333333334
val,LRBN-BP-conflict-filter,ETTm1,PatchTST,96,2026,96,1.0,0.9938420020414842,5.742462045489039,5.667387206026124,1.7617996034566994,-0.07507483946291536,-1.3073632657468475,0.4270833333333333,0.5729166666666666
val,LRBN-BP-conflict-filter,ETTm1,PatchTST,192,2026,96,1.0,0.9924213700524317,8.575089807437628,8.352104350858896,2.206609594330441,-0.22298545657873206,-2.6003862504773534,0.3541666666666667,0.6458333333333334
test,LRBN-BP-conflict-filter,ETTh1,DLinear,96,2026,96,1.0,0.5761068165563961,5.294718415187439,5.209414699815623,1.7528390371187743,-0.08530371537181547,-1.6111095722487991,0.3333333333333333,0.6666666666666666
test,LRBN-BP-conflict-filter,ETTh1,DLinear,192,2026,96,1.0,0.5549738247327437,6.7713172839613245,6.705858682226212,2.0090496686544994,-0.06545860173511334,-0.9667040974950176,0.3645833333333333,0.6354166666666666
test,LRBN-BP-conflict-filter,ETTh1,PatchTST,96,2026,96,1.0,0.9899284474765574,5.8042865388731295,5.702175034785681,1.833298110201608,-0.10211150408744922,-1.7592429875343156,0.3020833333333333,0.6979166666666666
test,LRBN-BP-conflict-filter,ETTh1,PatchTST,192,2026,96,1.0,0.9934734098138357,7.242316015180876,7.166519684635316,2.0804983498017138,-0.07579633054556008,-1.0465758506260052,0.3645833333333333,0.6354166666666666
test,LRBN-BP-conflict-filter,ETTm1,DLinear,96,2026,96,1.0,0.8320931092420961,2.8177423433450954,2.7397986494780837,1.2535910233650283,-0.07794369386701216,-2.766175330916275,0.3333333333333333,0.6666666666666666
test,LRBN-BP-conflict-filter,ETTm1,DLinear,192,2026,96,1.0,0.7781672264454936,3.994698335172625,3.9569617799460897,1.5270756506705976,-0.03773655522653501,-0.9446659538670237,0.40625,0.59375
test,LRBN-BP-conflict-filter,ETTm1,PatchTST,96,2026,96,1.0,0.992486126215964,3.013168467192729,2.9317727764357002,1.306868930155083,-0.08139569075702806,-2.701332214681281,0.3645833333333333,0.6354166666666666
test,LRBN-BP-conflict-filter,ETTm1,PatchTST,192,2026,96,1.0,0.9926612444439599,4.215013369115137,4.165504572595473,1.5703159242866132,-0.0495087965196628,-1.1745821914818533,0.4166666666666667,0.5833333333333334
val,LRBN-BP-repair-gate,ETTh1,DLinear,96,2026,96,0.8645833333333334,0.6446640324853363,9.535620690105475,9.272282320955204,2.465696960876571,-0.2633383691502696,-2.7616279782118176,0.3020833333333333,0.5625
val,LRBN-BP-repair-gate,ETTh1,DLinear,192,2026,96,0.4270833333333333,0.3835286583237641,10.618143575280191,10.654377332329354,2.632088677689393,0.03623375704916106,0.34124380366632673,0.2604166666666667,0.16666666666666666
val,LRBN-BP-repair-gate,ETTh1,PatchTST,96,2026,96,0.5729166666666666,0.48565288791070316,10.528241004299185,10.42631244991189,2.5955029698855747,-0.10192855438729385,-0.968144196631304,0.2708333333333333,0.3020833333333333
val,LRBN-BP-repair-gate,ETTh1,PatchTST,192,2026,96,0.6979166666666666,0.6222615702303423,11.609037853274186,11.456899821838002,2.705514225339714,-0.15213803143618312,-1.3105136982753844,0.23958333333333334,0.4583333333333333
val,LRBN-BP-repair-gate,ETTm1,DLinear,96,2026,96,0.3020833333333333,0.2750475033627411,5.436033967295309,5.3718528473682,1.7114984788696213,-0.06418111992710852,-1.1806607573678551,0.09375,0.20833333333333334
val,LRBN-BP-repair-gate,ETTm1,DLinear,192,2026,96,0.8229166666666666,0.625613433126381,8.33279445849474,8.154728922274188,2.1835548068124147,-0.17806553622055268,-2.136924616271242,0.375,0.4479166666666667
val,LRBN-BP-repair-gate,ETTm1,PatchTST,96,2026,96,0.7395833333333334,0.6614009238740352,5.742462045489039,5.6410985412554675,1.7538666709988542,-0.10136350423357159,-1.7651575796949541,0.3125,0.4270833333333333
val,LRBN-BP-repair-gate,ETTm1,PatchTST,192,2026,96,0.8020833333333334,0.752439910072254,8.575089807437628,8.171041429172057,2.1791877181121193,-0.40404837826557277,-4.711885086543703,0.2708333333333333,0.53125
test,LRBN-BP-repair-gate,ETTh1,DLinear,96,2026,96,0.6041666666666666,0.4836429569056902,5.294718415187439,5.216468120159481,1.7479747514145272,-0.07825029502795751,-1.4778934164981055,0.17708333333333334,0.4270833333333333
test,LRBN-BP-repair-gate,ETTh1,DLinear,192,2026,96,0.2916666666666667,0.2680633299535741,6.7713172839613245,6.755954816889267,2.010496062089295,-0.015362467072056825,-0.22687560492487052,0.10416666666666667,0.1875
test,LRBN-BP-repair-gate,ETTh1,PatchTST,96,2026,96,0.6979166666666666,0.5729489079468432,5.8042865388731295,5.681690599944278,1.8286684970111233,-0.12259593892885344,-2.112162070162661,0.22916666666666666,0.46875
test,LRBN-BP-repair-gate,ETTh1,PatchTST,192,2026,96,0.71875,0.6399819570307393,7.242316015180876,7.138327051952349,2.0757882664306058,-0.10398896322852624,-1.4358523277217712,0.28125,0.4375
test,LRBN-BP-repair-gate,ETTm1,DLinear,96,2026,96,0.3020833333333333,0.279084390391063,2.8177423433450954,2.71672834446182,1.2509652124998463,-0.10101399888327596,-3.5849267326856906,0.0625,0.23958333333333334
test,LRBN-BP-repair-gate,ETTm1,DLinear,192,2026,96,0.6666666666666666,0.5062519646907205,3.994698335172625,3.9414500864512156,1.5224197991780466,-0.053248248721409354,-1.3329729586654977,0.28125,0.3854166666666667
test,LRBN-BP-repair-gate,ETTm1,PatchTST,96,2026,96,0.78125,0.6941376372800766,3.013168467192729,2.8789040551228666,1.294058149860288,-0.13426441206986153,-4.455921170227825,0.2708333333333333,0.5104166666666666
test,LRBN-BP-repair-gate,ETTm1,PatchTST,192,2026,96,0.8229166666666666,0.7432001369460016,4.215013369115137,4.139546121773236,1.5626371930441287,-0.07546724734190031,-1.790439093641582,0.34375,0.4791666666666667
val,LRBN-BP-safe-controller,ETTh1,DLinear,96,2026,96,0.9166666666666666,0.23282829857916487,9.535620690105475,9.504436004525678,2.505616393474542,-0.03118468557979831,-0.32703362015492177,0.13541666666666666,0.78125
val,LRBN-BP-safe-controller,ETTh1,DLinear,192,2026,96,0.6354166666666666,0.15902421847021553,10.618143575280191,10.606962527068909,2.632365762208772,-0.011181048211283675,-0.10530134690194606,0.0625,0.5729166666666666
val,LRBN-BP-safe-controller,ETTh1,PatchTST,96,2026,96,0.6875,0.1967939354468996,10.528241004299185,10.507003148024253,2.6095048664559797,-0.021237856274930883,-0.20172274025724168,0.125,0.5625
val,LRBN-BP-safe-controller,ETTh1,PatchTST,192,2026,96,0.8229166666666666,0.22266866512512615,11.609037853274186,11.592586516190233,2.7249913062303306,-0.016451337083953525,-0.1417114603097154,0.1875,0.6354166666666666
val,LRBN-BP-safe-controller,ETTm1,DLinear,96,2026,96,0.4375,0.13110718281851233,5.436033967295309,5.423124395038207,1.7236292031368106,-0.01290957225710164,-0.23748144899427034,0.03125,0.40625
val,LRBN-BP-safe-controller,ETTm1,DLinear,192,2026,96,0.9166666666666666,0.34781869785424235,8.33279445849474,8.323029460564086,2.2115819627896323,-0.009764997930654865,-0.11718755295806779,0.14583333333333334,0.7708333333333334
val,LRBN-BP-safe-controller,ETTm1,PatchTST,96,2026,96,0.8229166666666666,0.3242424094020484,5.742462045489039,5.728974861316886,1.7750039657721668,-0.01348718417215239,-0.2348676237096019,0.19791666666666666,0.625
val,LRBN-BP-safe-controller,ETTm1,PatchTST,192,2026,96,0.8645833333333334,0.396774541571588,8.575089807437628,8.563887622428734,2.2368816749642595,-0.011202185008895457,-0.13063635772204366,0.13541666666666666,0.7291666666666666
test,LRBN-BP-safe-controller,ETTh1,DLinear,96,2026,96,0.7604166666666666,0.1611437607145818,5.294718415187439,5.279128349559142,1.7632057393563603,-0.015590065628296998,-0.29444560364407113,0.0625,0.6979166666666666
test,LRBN-BP-safe-controller,ETTh1,DLinear,192,2026,96,0.375,0.10887224002514484,6.7713172839613245,6.767626927631791,2.01855683215855,-0.003690356329533462,-0.05449982875303593,0.020833333333333332,0.3541666666666667
test,LRBN-BP-safe-controller,ETTh1,PatchTST,96,2026,96,0.75,0.2347429238681552,5.8042865388731295,5.783772595306959,1.8488234653755005,-0.02051394356617099,-0.35342747801024715,0.13541666666666666,0.6145833333333334
test,LRBN-BP-safe-controller,ETTh1,PatchTST,192,2026,96,0.8229166666666666,0.23266791613966445,7.242316015180876,7.23414674034591,2.0925924108826073,-0.008169274834966071,-0.11279920410214303,0.13541666666666666,0.6875
test,LRBN-BP-safe-controller,ETTm1,DLinear,96,2026,96,0.4583333333333333,0.18527828806136626,2.8177423433450954,2.8080880947861657,1.2715398420838342,-0.009654248558930106,-0.34262353857401573,0.020833333333333332,0.4375
test,LRBN-BP-safe-controller,ETTm1,DLinear,192,2026,96,0.8645833333333334,0.27874136223016044,3.994698335172625,3.9903270376421305,1.5365820246665478,-0.004371297530494002,-0.10942747493754669,0.09375,0.7708333333333334
test,LRBN-BP-safe-controller,ETTm1,PatchTST,96,2026,96,0.8854166666666666,0.3368250674821726,3.013168467192729,3.0009108645937306,1.3235676572478503,-0.012257602598998258,-0.40680110295121064,0.13541666666666666,0.75
test,LRBN-BP-safe-controller,ETTm1,PatchTST,192,2026,96,0.8854166666666666,0.3406060932703767,4.215013369115137,4.209793244110402,1.5825282954207047,-0.005220125004734066,-0.12384598897360745,0.13541666666666666,0.75
val,LRBN-BP-stage3-gated,ETTh1,DLinear,96,2026,96,0.020833333333333332,0.020833333333333332,9.535620690105475,9.502536692034504,2.505941992468476,-0.033083998070970476,-0.34695169943793197,0.010416666666666666,0.010416666666666666
val,LRBN-BP-stage3-gated,ETTh1,DLinear,192,2026,96,0.020833333333333332,0.020833333333333332,10.618143575280191,10.599328566839823,2.6312605647604665,-0.018815008440369246,-0.17719677916628906,0.0,0.020833333333333332
val,LRBN-BP-stage3-gated,ETTh1,PatchTST,96,2026,96,0.041666666666666664,0.041666666666666664,10.528241004299185,10.358187562085263,2.5835269196379294,-0.1700534422139223,-1.6152122845873258,0.010416666666666666,0.03125
val,LRBN-BP-stage3-gated,ETTh1,PatchTST,192,2026,96,0.052083333333333336,0.052083333333333336,11.609037853274186,11.742734705555428,2.7320871063398164,0.13369685228124395,1.1516617815865584,0.020833333333333332,0.03125
val,LRBN-BP-stage3-gated,ETTm1,DLinear,96,2026,96,0.08333333333333333,0.08333333333333333,5.436033967295309,5.348539219597561,1.7024436070631166,-0.08749474769774766,-1.6095327597875055,0.020833333333333332,0.0625
val,LRBN-BP-stage3-gated,ETTm1,DLinear,192,2026,96,0.041666666666666664,0.041666666666666664,8.33279445849474,8.190548339764327,2.187935798936405,-0.14224611873041504,-1.707063809964699,0.010416666666666666,0.03125
val,LRBN-BP-stage3-gated,ETTm1,PatchTST,96,2026,96,0.08333333333333333,0.08333333333333333,5.742462045489039,5.618800362996574,1.7473850044862482,-0.12366168249246412,-2.153461029390003,0.010416666666666666,0.07291666666666667
val,LRBN-BP-stage3-gated,ETTm1,PatchTST,192,2026,96,0.0625,0.0625,8.575089807437628,8.196790038019602,2.1912503444222886,-0.37829976941802784,-4.41161290985834,0.010416666666666666,0.052083333333333336
test,LRBN-BP-stage3-gated,ETTh1,DLinear,96,2026,96,0.020833333333333332,0.020833333333333332,5.294718415187439,5.210923122308993,1.7544064278721188,-0.08379529287844543,-1.5826203803364463,0.0,0.020833333333333332
test,LRBN-BP-stage3-gated,ETTh1,DLinear,192,2026,96,0.020833333333333332,0.020833333333333332,6.7713172839613245,6.782387705150174,2.0223935055495965,0.011070421188848656,0.16348991943889402,0.010416666666666666,0.010416666666666666
test,LRBN-BP-stage3-gated,ETTh1,PatchTST,96,2026,96,0.010416666666666666,0.010416666666666666,5.8042865388731295,5.791592250918036,1.850398580512979,-0.0126942879550944,-0.21870539726467908,0.0,0.010416666666666666
test,LRBN-BP-stage3-gated,ETTh1,PatchTST,192,2026,96,0.010416666666666666,0.010416666666666666,7.242316015180876,7.2266759395250135,2.0926453114122263,-0.015640075655862045,-0.21595406222930918,0.0,0.010416666666666666
test,LRBN-BP-stage3-gated,ETTm1,DLinear,96,2026,96,0.0625,0.0625,2.8177423433450954,2.7677215326301265,1.2565745793920755,-0.050020810714968666,-1.7752088176403515,0.020833333333333332,0.041666666666666664
test,LRBN-BP-stage3-gated,ETTm1,DLinear,192,2026,96,0.0625,0.0625,3.994698335172625,4.000221789896035,1.5371498819503158,0.005523454723409694,0.13826963255146796,0.03125,0.03125
test,LRBN-BP-stage3-gated,ETTm1,PatchTST,96,2026,96,0.07291666666666667,0.07291666666666667,3.013168467192729,2.937407385721764,1.305371085329148,-0.0757610814709639,-2.5143327379273774,0.041666666666666664,0.03125
test,LRBN-BP-stage3-gated,ETTm1,PatchTST,192,2026,96,0.08333333333333333,0.08333333333333333,4.215013369115137,4.196118048324446,1.5758883087900015,-0.0188953207906902,-0.4482861403077511,0.041666666666666664,0.041666666666666664
